Order,Finish Type
58404,Paint & Clear
64195,Paint & Clear
69548,Clear
70258,
73100,Paint & Clear
75741,Paint
76003,Paint & Clear
76200,Stain & Clear
76201,Stain & Clear
76202,Paint & Clear
76221,Stain & Clear
76342,Stain & Clear
76427,Stain & Clear
76474,Paint
76491,Stain & Clear
76494,Paint
76497,Paint
76523,Paint
76524,Paint
76548,Paint
76570,Clear
76572,Paint
76579,Stain & Clear
76580,Paint
76581,Paint
76583,Loading...
76583,Paint
76603,Paint
76611,Paint
76636,Primer
76651,Primer
76724,Paint & Clear
76734,Paint & Clear
76740,Paint & Clear
76751,Paint
76752,Paint
76755,Paint & Clear
76767,Stain & Clear
76780,Clear
76795,
76800,Primer
76804,Paint
76805,Paint
76810,Loading...
76810,Paint & Clear
76813,Paint
76831,Paint
76832,Paint
76835,Paint & Clear
76836,Paint & Clear
76841,Primer
76842,Primer
76845,Primer
76846,Primer
76880,Paint
76887,
76887,Stain & Clear
76889,Stain & Clear
76934,Paint
76959,Paint
76960,Paint
76997,Clear
77011,Paint
77012,Paint
77046,Clear
77057,Paint & Caulk
77058,Clear
77063,Clear
77063,Loading...
77065,
77065,Clear
77066,Paint
77068,Paint & Clear
77081,
77082,Paint & Caulk
77083,Clear
77084,Clear
77085,Clear
77131,Paint
77133,Paint
77134,Paint
77135,Stain & Clear
77171,Primer
77175,Paint & Clear
77265,Stain & Clear
77286,Paint
77318,Paint
77321,Paint & Clear
77339,Paint & Clear
77340,Paint & Clear
77353,Paint & Clear
77381,Stain & Clear
77382,Stain & Clear
77413,Paint
77424,Clear
77443,Paint
77453,Clear
77491,
77491,Stain & Clear
77492,Stain & Clear
77496,Clear
77520,Paint
77564,
77574,Primer & Caulk
77586,Paint & Clear
77645,Stain & Clear
77707,Paint & Clear
